{
    "BJ0W5YTDSHAN60265": {
        "garageId": "alta_parking",
        "space": {
            "y": -813.198974609375,
            "z": 30.22699928283691,
            "w": 274.5780029296875,
            "x": -477.16900634765627
        }
    },
    "K9B8G3X28CAT48716": {
        "garageId": "alta_parking",
        "space": {
            "y": -813.2860107421875,
            "z": 30.26799964904785,
            "w": 268.0639953613281,
            "x": -460.1839904785156
        }
    },
    "A18EUXAVHMAK33520": {
        "garageId": "alta_parking",
        "space": {
            "y": -800.2789916992188,
            "z": 30.2490005493164,
            "w": 269.9320068359375,
            "x": -467.1199951171875
        }
    },
    "1GYUFH5KHEAW73422": {
        "space": {
            "y": -813.2860107421875,
            "z": 30.26799964904785,
            "w": 268.0639953613281,
            "x": -460.1839904785156
        },
        "garageId": "alta_parking"
    }
}